"Country or Area","Year(s)","GENDER","Value","Value Footnotes"
"Afghanistan","2004","Male","7.9",""
"Afghanistan","2004","Female","9.3",""
"Afghanistan","2004","Both sexes","8.6",""
"Afghanistan","1997","Both sexes","18.2",""
"Albania","2009","Male","11.5",""
"Albania","2009","Female","7.3",""
"Albania","2009","Both sexes","9.4",""
"Albania","2005","Male","7.3",""
"Albania","2005","Female","7.4",""
"Albania","2005","Both sexes","7.3",""
"Albania","2000","Male","12.9",""
"Albania","2000","Female","11.5",""
"Albania","2000","Both sexes","12.2",""
"Albania","1998","Both sexes","8.1",""
"Algeria","2005","Male","3.9",""
"Algeria","2005","Female","4.1",""
"Algeria","2005","Both sexes","4",""
"Algeria","2002","Male","10",""
"Algeria","2002","Female","9.3",""
"Algeria","2002","Both sexes","9.6",""
"Algeria","2000","Male","3.3",""
"Algeria","2000","Female","2.9",""
"Algeria","2000","Both sexes","3.1",""
"Algeria","1995","Male","9.7",""
"Algeria","1995","Female","9.4",""
"Algeria","1995","Both sexes","9.6",""
"Algeria","1992","Male","7",""
"Algeria","1992","Female","7.2",""
"Algeria","1992","Both sexes","7.1",""
"Algeria","1987","Both sexes","4",""
"Angola","2007","Male","8.2",""
"Angola","2007","Female","8.1",""
"Angola","2007","Both sexes","8.2",""
"Angola","1996","Male","8.3",""
"Angola","1996","Female","8.9",""
"Angola","1996","Both sexes","8.6",""
"Argentina","2005","Male","1.1",""
"Argentina","2005","Female","1.4",""
"Argentina","2005","Both sexes","1.2",""
"Argentina","1996","Both sexes","4.2",""
"Argentina","1994","Both sexes","1.6",""
"Armenia","2010","Male","4.9",""
"Armenia","2010","Female","3.3",""
"Armenia","2010","Both sexes","4.2",""
"Armenia","2005","Male","5.8",""
"Armenia","2005","Female","5.1",""
"Armenia","2005","Both sexes","5.5",""
"Armenia","2001","Male","2.6",""
"Armenia","2001","Female","2.5",""
"Armenia","2001","Both sexes","2.5",""
"Armenia","1998","Male","4.3",""
"Armenia","1998","Female","2.1",""
"Armenia","1998","Both sexes","3.3",""
"Australia","2007","Both sexes","0",""
"Australia","1996","Both sexes","0",""
"Azerbaijan","2006","Male","7.8",""
"Azerbaijan","2006","Female","5.7",""
"Azerbaijan","2006","Both sexes","6.8",""
"Azerbaijan","2001","Both sexes","3.2",""
"Azerbaijan","2000","Male","9.3",""
"Azerbaijan","2000","Female","8.6",""
"Azerbaijan","2000","Both sexes","9",""
"Azerbaijan","1996","Both sexes","3.8",""
"Bahrain","1995","Both sexes","6.6",""
"Bahrain","1989","Both sexes","6.8",""
"Bangladesh","2011","Male","16",""
"Bangladesh","2011","Female","15.3",""
"Bangladesh","2011","Both sexes","15.7",""
"Bangladesh","2007","Male","18.4",""
"Bangladesh","2007","Female","16.5",""
"Bangladesh","2007","Both sexes","17.5",""
"Bangladesh","2006","Male","13.4",""
"Bangladesh","2006","Female","11.3",""
"Bangladesh","2006","Both sexes","12.4",""
"Bangladesh","2005","Male","13.4",""
"Bangladesh","2005","Female","11.1",""
"Bangladesh","2005","Both sexes","12.3",""
"Bangladesh","2004","Male","13.6",""
"Bangladesh","2004","Female","12",""
"Bangladesh","2004","Both sexes","12.8",""
"Bangladesh","2004","Male","15.7",""
"Bangladesh","2004","Female","13.5",""
"Bangladesh","2004","Both sexes","14.6",""
"Bangladesh","2003","Male","14.2",""
"Bangladesh","2003","Female","11.7",""
"Bangladesh","2003","Both sexes","13",""
"Bangladesh","2002","Male","13.9",""
"Bangladesh","2002","Female","11.9",""
"Bangladesh","2002","Both sexes","12.9",""
"Bangladesh","2001","Male","14.5",""
"Bangladesh","2001","Female","11.6",""
"Bangladesh","2001","Both sexes","13.2",""
"Bangladesh","2000","Male","13.3",""
"Bangladesh","2000","Female","11.6",""
"Bangladesh","2000","Both sexes","12.5",""
"Bangladesh","2000","Male","16.4",""
"Bangladesh","2000","Female","13.4",""
"Bangladesh","2000","Both sexes","15",""
"Bangladesh","1999","Male","16.2",""
"Bangladesh","1999","Female","12.1",""
"Bangladesh","1999","Both sexes","14.2",""
"Bangladesh","1998","Male","17.2",""
"Bangladesh","1998","Female","13.8",""
"Bangladesh","1998","Both sexes","15.6",""
"Bangladesh","1997","Male","22",""
"Bangladesh","1997","Female","19.2",""
"Bangladesh","1997","Both sexes","20.6",""
"Bangladesh","1996","Male","17.6",""
"Bangladesh","1996","Female","14.5",""
"Bangladesh","1996","Both sexes","16.1",""
"Bangladesh","1996","Both sexes","18.7",""
"Bangladesh","1995","Male","17.1",""
"Bangladesh","1995","Female","14.2",""
"Bangladesh","1995","Both sexes","15.7",""
"Bangladesh","1994","Male","19",""
"Bangladesh","1994","Female","15.7",""
"Bangladesh","1994","Both sexes","17.4",""
"Bangladesh","1993","Male","15.9",""
"Bangladesh","1993","Female","13.2",""
"Bangladesh","1993","Both sexes","14.6",""
"Bangladesh","1992","Both sexes","18.8",""
"Bangladesh","1992","Male","18.4",""
"Bangladesh","1992","Female","14.8",""
"Bangladesh","1992","Both sexes","16.7",""
"Bangladesh","1991","Male","17.6",""
"Bangladesh","1991","Female","13.9",""
"Bangladesh","1991","Both sexes","15.8",""
"Bangladesh","1990","Both sexes","17.5",""
"Bangladesh","1986","Both sexes","17.3",""
"Bangladesh","1983","Both sexes","17.4",""
"Barbados","1981","Male","4.1",""
"Barbados","1981","Female","3.7",""
"Barbados","1981","Both sexes","3.9",""
"Belarus","2005","Male","2.8",""
"Belarus","2005","Female","1.6",""
"Belarus","2005","Both sexes","2.2",""
"Belize","2011","Male","3.2",""
"Belize","2011","Female","3.4",""
"Belize","2011","Both sexes","3.3",""
"Belize","2006","Male","2.4",""
"Belize","2006","Female","1.4",""
"Belize","2006","Both sexes","1.9",""
"Benin","2006","Male","9",""
"Benin","2006","Female","7.8",""
"Benin","2006","Both sexes","8.4",""
"Benin","2001","Male","10.2",""
"Benin","2001","Female","7.8",""
"Benin","2001","Both sexes","9",""
"Benin","1996","Male","19.2",""
"Benin","1996","Female","15.9",""
"Benin","1996","Both sexes","17.5",""
"Bhutan","2010","Male","6.2",""
"Bhutan","2010","Female","5.5",""
"Bhutan","2010","Both sexes","5.9",""
"Bhutan","2008","Male","5.1",""
"Bhutan","2008","Female","4.4",""
"Bhutan","2008","Both sexes","4.7",""
"Bhutan","1999","Male","3.3",""
"Bhutan","1999","Female","1.8",""
"Bhutan","1999","Both sexes","2.5",""
"Bhutan","1988","Both sexes","5.2",""
"Bolivia (Plurinational State of)","2008","Male","2",""
"Bolivia (Plurinational State of)","2008","Female","0.8",""
"Bolivia (Plurinational State of)","2008","Both sexes","1.4",""
"Bolivia (Plurinational State of)","2004","Male","1.9",""
"Bolivia (Plurinational State of)","2004","Female","1.5",""
"Bolivia (Plurinational State of)","2004","Both sexes","1.7",""
"Bolivia (Plurinational State of)","1998","Male","1.8",""
"Bolivia (Plurinational State of)","1998","Female","1.5",""
"Bolivia (Plurinational State of)","1998","Both sexes","1.6",""
"Bolivia (Plurinational State of)","1994","Male","7.4",""
"Bolivia (Plurinational State of)","1994","Female","3",""
"Bolivia (Plurinational State of)","1994","Both sexes","5.3",""
"Bolivia (Plurinational State of)","1989","Male","2",""
"Bolivia (Plurinational State of)","1989","Female","2.4",""
"Bolivia (Plurinational State of)","1989","Both sexes","2.2",""
"Bolivia (Plurinational State of)","1981","Both sexes","1",""
"Bosnia and Herzegovina","2012","Male","2.3",""
"Bosnia and Herzegovina","2012","Female","2.4",""
"Bosnia and Herzegovina","2012","Both sexes","2.3",""
"Bosnia and Herzegovina","2006","Male","3.8",""
"Bosnia and Herzegovina","2006","Female","4.3",""
"Bosnia and Herzegovina","2006","Both sexes","4",""
"Bosnia and Herzegovina","2000","Male","8.3",""
"Bosnia and Herzegovina","2000","Female","6.3",""
"Bosnia and Herzegovina","2000","Both sexes","7.4",""
"Botswana","2008","Male","7.5",""
"Botswana","2008","Female","6.8",""
"Botswana","2008","Both sexes","7.2",""
"Botswana","2000","Male","6.6",""
"Botswana","2000","Female","5.3",""
"Botswana","2000","Both sexes","6",""
"Botswana","1996","Both sexes","13.2",""
"Brazil","2007","Male","1.8",""
"Brazil","2007","Female","1.4",""
"Brazil","2007","Both sexes","1.6",""
"Brazil","1996","Male","3",""
"Brazil","1996","Female","2.5",""
"Brazil","1996","Both sexes","2.8",""
"Bulgaria","2004","Male","3.4",""
"Bulgaria","2004","Female","3.1",""
"Bulgaria","2004","Both sexes","3.2",""
"Burkina Faso","2010","Male","16.5",""
"Burkina Faso","2010","Female","14.4",""
"Burkina Faso","2010","Both sexes","15.4",""
"Burkina Faso","2009","Male","11.9",""
"Burkina Faso","2009","Female","10.7",""
"Burkina Faso","2009","Both sexes","11.3",""
"Burkina Faso","2006","Male","26.2",""
"Burkina Faso","2006","Female","22.6",""
"Burkina Faso","2006","Both sexes","24.4",""
"Burkina Faso","2003","Male","21.8",""
"Burkina Faso","2003","Female","20.6",""
"Burkina Faso","2003","Both sexes","21.2",""
"Burkina Faso","1999","Male","17.2",""
"Burkina Faso","1999","Female","14.2",""
"Burkina Faso","1999","Both sexes","15.7",""
"Burkina Faso","1993","Male","15.6",""
"Burkina Faso","1993","Female","15.4",""
"Burkina Faso","1993","Both sexes","15.5",""
"Burundi","2011","Male","6.6",""
"Burundi","2011","Female","5.6",""
"Burundi","2011","Both sexes","6.1",""
"Burundi","2005","Both sexes","9",""
"Burundi","2000","Male","9.2",""
"Burundi","2000","Female","7.2",""
"Burundi","2000","Both sexes","8.2",""
"Burundi","1987","Male","8.6",""
"Burundi","1987","Female","7.1",""
"Burundi","1987","Both sexes","7.9",""
"Cabo Verde","1994","Both sexes","6.9",""
"Cabo Verde","1985","Both sexes","4.3",""
"Cabo Verde","1983","Both sexes","6",""
"Cambodia","2011","Male","11.2",""
"Cambodia","2011","Female","10.5",""
"Cambodia","2011","Both sexes","10.8",""
"Cambodia","2008","Male","9.7",""
"Cambodia","2008","Female","8",""
"Cambodia","2008","Both sexes","8.9",""
"Cambodia","2006","Male","8.3",""
"Cambodia","2006","Female","8.3",""
"Cambodia","2006","Both sexes","8.3",""
"Cambodia","2000","Male","18",""
"Cambodia","2000","Female","15.8",""
"Cambodia","2000","Both sexes","16.9",""
"Cambodia","1996","Male","15.5",""
"Cambodia","1996","Female","11.4",""
"Cambodia","1996","Both sexes","13.4",""
"Cameroon","2011","Male","6.6",""
"Cameroon","2011","Female","4.9",""
"Cameroon","2011","Both sexes","5.8",""
"Cameroon","2006","Male","8.2",""
"Cameroon","2006","Female","6.4",""
"Cameroon","2006","Both sexes","7.3",""
"Cameroon","2004","Male","5.8",""
"Cameroon","2004","Female","6.7",""
"Cameroon","2004","Both sexes","6.2",""
"Cameroon","1998","Male","8.7",""
"Cameroon","1998","Female","8.4",""
"Cameroon","1998","Both sexes","8.5",""
"Cameroon","1991","Male","4.8",""
"Cameroon","1991","Female","4.3",""
"Cameroon","1991","Both sexes","4.5",""
"Canada","1972","Male","1.2",""
"Canada","1972","Female","1.1",""
"Canada","1972","Both sexes","1.1",""
"Central African Republic","2006","Male","13.3",""
"Central African Republic","2006","Female","11.1",""
"Central African Republic","2006","Both sexes","12.2",""
"Central African Republic","2000","Male","11.6",""
"Central African Republic","2000","Female","9.3",""
"Central African Republic","2000","Both sexes","10.5",""
"Central African Republic","1995","Both sexes","7.8",""
"Central African Republic","1995","Male","10",""
"Central African Republic","1995","Female","8.5",""
"Central African Republic","1995","Both sexes","9.2",""
"Chad","2004","Male","17.1",""
"Chad","2004","Female","14.9",""
"Chad","2004","Both sexes","16.1",""
"Chad","2000","Male","13.7",""
"Chad","2000","Female","14.1",""
"Chad","2000","Both sexes","13.9",""
"Chad","1997","Male","17.8",""
"Chad","1997","Female","15.1",""
"Chad","1997","Both sexes","16.4",""
"Chile","2008","Male","0.3",""
"Chile","2008","Female","0.2",""
"Chile","2008","Both sexes","0.3",""
"Chile","2007","Both sexes","0.3",""
"Chile","2006","Both sexes","0.5",""
"Chile","2004","Both sexes","0.5",""
"Chile","2003","Both sexes","0.5",""
"Chile","2002","Both sexes","0.5",""
"Chile","2001","Both sexes","0.5",""
"Chile","1999","Both sexes","0.5",""
"Chile","1998","Both sexes","0.6",""
"Chile","1996","Both sexes","0.5",""
"Chile","1995","Both sexes","0.5",""
"Chile","1994","Both sexes","0.5",""
"Chile","1986","Both sexes","0.7",""
"Chile","1984","Both sexes","0.5",""
"China","2010","Male","2.4",""
"China","2010","Female","2.1",""
"China","2010","Both sexes","2.3",""
"China","2009","Male","3.5",""
"China","2009","Female","2.7",""
"China","2009","Both sexes","3.1",""
"China","2008","Both sexes","3.1",""
"China","2005","Male","3.2",""
"China","2005","Female","2.4",""
"China","2005","Both sexes","2.9",""
"China","2002","Male","3.3",""
"China","2002","Female","2.7",""
"China","2002","Both sexes","3",""
"China","2000","Male","2.8",""
"China","2000","Female","2.1",""
"China","2000","Both sexes","2.5",""
"China","1998","Male","2.6",""
"China","1998","Female","2.1",""
"China","1998","Both sexes","2.4",""
"China","1995","Male","5.7",""
"China","1995","Female","4.2",""
"China","1995","Both sexes","5",""
"China","1992","Male","4.1",""
"China","1992","Female","3.7",""
"China","1992","Both sexes","3.9",""
"China","1990","Male","4.7",""
"China","1990","Female","3.8",""
"China","1990","Both sexes","4.2",""
"Colombia","2010","Male","0.9",""
"Colombia","2010","Female","0.9",""
"Colombia","2010","Both sexes","0.9",""
"Colombia","2005","Male","1.7",""
"Colombia","2005","Female","1.4",""
"Colombia","2005","Both sexes","1.5",""
"Colombia","2000","Male","1.1",""
"Colombia","2000","Female","1.1",""
"Colombia","2000","Both sexes","1.1",""
"Colombia","1995","Male","1.7",""
"Colombia","1995","Female","1.7",""
"Colombia","1995","Both sexes","1.7",""
"Colombia","1989","Both sexes","3.8",""
"Colombia","1986","Male","1.5",""
"Colombia","1986","Female","1.1",""
"Colombia","1986","Both sexes","1.3",""
"Colombia","1980","Both sexes","6.1",""
"Colombia","1966","Both sexes","5",""
"Comoros","2000","Male","14.4",""
"Comoros","2000","Female","12",""
"Comoros","2000","Both sexes","13.3",""
"Comoros","1996","Male","12.2",""
"Comoros","1996","Female","9.8",""
"Comoros","1996","Both sexes","11",""
"Comoros","1992","Both sexes","5.8",""
"Congo","2005","Male","8.4",""
"Congo","2005","Female","7.7",""
"Congo","2005","Both sexes","8",""
"Congo","1987","Both sexes","6.8",""
"Costa Rica","2009","Male","0.6",""
"Costa Rica","2009","Female","1.5",""
"Costa Rica","2009","Both sexes","1",""
"Costa Rica","1996","Both sexes","3.1",""
"Costa Rica","1982","Both sexes","2.6",""
"Côte d’Ivoire","2007","Male","15.3",""
"Côte d’Ivoire","2007","Female","12.4",""
"Côte d’Ivoire","2007","Both sexes","14",""
"Côte d’Ivoire","2006","Male","9",""
"Côte d’Ivoire","2006","Female","8.1",""
"Côte d’Ivoire","2006","Both sexes","8.6",""
"Côte d’Ivoire","1999","Male","7",""
"Côte d’Ivoire","1999","Female","6.7",""
"Côte d’Ivoire","1999","Both sexes","6.9",""
"Côte d’Ivoire","1994","Male","13.1",""
"Côte d’Ivoire","1994","Female","9.3",""
"Côte d’Ivoire","1994","Both sexes","11.2",""
"Côte d’Ivoire","1986","Both sexes","10.3",""
"Croatia","1996","Both sexes","1.2",""
"Croatia","1995","Both sexes","1.7",""
"Croatia","1994","Both sexes","1.6",""
"Cuba","2000","Both sexes","2.4",""
"Czech Republic","2002","Male","5.2",""
"Czech Republic","2002","Female","4",""
"Czech Republic","2002","Both sexes","4.6",""
"Czech Republic","1991","Both sexes","2.8",""
"Democratic People's Republic of Korea","2009","Male","5",""
"Democratic People's Republic of Korea","2009","Female","5.3",""
"Democratic People's Republic of Korea","2009","Both sexes","5.2",""
"Democratic People's Republic of Korea","2004","Both sexes","8.5",""
"Democratic People's Republic of Korea","2002","Male","9.3",""
"Democratic People's Republic of Korea","2002","Female","8.1",""
"Democratic People's Republic of Korea","2002","Both sexes","8.7",""
"Democratic People's Republic of Korea","2000","Both sexes","12.2",""
"Democratic Republic of the Congo","2010","Male","9.5",""
"Democratic Republic of the Congo","2010","Female","7.5",""
"Democratic Republic of the Congo","2010","Both sexes","8.5",""
"Democratic Republic of the Congo","2007","Male","15.5",""
"Democratic Republic of the Congo","2007","Female","12.5",""
"Democratic Republic of the Congo","2007","Both sexes","14",""
"Democratic Republic of the Congo","2001","Male","22",""
"Democratic Republic of the Congo","2001","Female","19.8",""
"Democratic Republic of the Congo","2001","Both sexes","20.9",""
"Democratic Republic of the Congo","1995","Both sexes","11.4",""
"Djibouti","2012","Male","22.7",""
"Djibouti","2012","Female","20.3",""
"Djibouti","2012","Both sexes","21.5",""
"Djibouti","2006","Male","26.5",""
"Djibouti","2006","Female","25.4",""
"Djibouti","2006","Both sexes","26",""
"Djibouti","2002","Male","20.3",""
"Djibouti","2002","Female","18.5",""
"Djibouti","2002","Both sexes","19.4",""
"Djibouti","1996","Both sexes","14.9",""
"Djibouti","1989","Both sexes","12.5",""
"Dominican Republic","2007","Male","2.5",""
"Dominican Republic","2007","Female","2.1",""
"Dominican Republic","2007","Both sexes","2.3",""
"Dominican Republic","2006","Both sexes","1.9",""
"Dominican Republic","2002","Male","2.5",""
"Dominican Republic","2002","Female","2",""
"Dominican Republic","2002","Both sexes","2.2",""
"Dominican Republic","2000","Male","1.6",""
"Dominican Republic","2000","Female","1.3",""
"Dominican Republic","2000","Both sexes","1.5",""
"Dominican Republic","1996","Male","2.4",""
"Dominican Republic","1996","Female","1.6",""
"Dominican Republic","1996","Both sexes","2",""
"Dominican Republic","1991","Male","2.2",""
"Dominican Republic","1991","Female","2.1",""
"Dominican Republic","1991","Both sexes","2.2",""
"Dominican Republic","1986","Male","3.8",""
"Dominican Republic","1986","Female","1.3",""
"Dominican Republic","1986","Both sexes","2.5",""
"Ecuador","2004","Male","2.2",""
"Ecuador","2004","Female","2.4",""
"Ecuador","2004","Both sexes","2.3",""
"Ecuador","1998","Both sexes","3.2",""
"Ecuador","1986","Both sexes","2.3",""
"Egypt","2008","Male","8.8",""
"Egypt","2008","Female","7.1",""
"Egypt","2008","Both sexes","7.9",""
"Egypt","2005","Male","5.7",""
"Egypt","2005","Female","4.9",""
"Egypt","2005","Both sexes","5.3",""
"Egypt","2003","Male","5.3",""
"Egypt","2003","Female","5.2",""
"Egypt","2003","Both sexes","5.2",""
"Egypt","2000","Male","3.4",""
"Egypt","2000","Female","3",""
"Egypt","2000","Both sexes","3.2",""
"Egypt","1998","Both sexes","6.4",""
"Egypt","1998","Both sexes","7.5",""
"Egypt","1996","Male","5.8",""
"Egypt","1996","Female","5.5",""
"Egypt","1996","Both sexes","5.7",""
"Egypt","1993","Male","3.9",""
"Egypt","1993","Female","4.3",""
"Egypt","1993","Both sexes","4.1",""
"Egypt","1991","Male","5.4",""
"Egypt","1991","Female","3.7",""
"Egypt","1991","Both sexes","4.5",""
"Egypt","1988","Male","2.6",""
"Egypt","1988","Female","1.8",""
"Egypt","1988","Both sexes","2.2",""
"Egypt","1978","Both sexes","1.7",""
"El Salvador","2008","Male","2.4",""
"El Salvador","2008","Female","0.7",""
"El Salvador","2008","Both sexes","1.6",""
"El Salvador","2003","Male","1.4",""
"El Salvador","2003","Female","1.2",""
"El Salvador","2003","Both sexes","1.3",""
"El Salvador","1998","Male","1.8",""
"El Salvador","1998","Female","1.3",""
"El Salvador","1998","Both sexes","1.5",""
"El Salvador","1993","Male","1.6",""
"El Salvador","1993","Female","1.1",""
"El Salvador","1993","Both sexes","1.4",""
"El Salvador","1988","Male","2.5",""
"El Salvador","1988","Female","1.8",""
"El Salvador","1988","Both sexes","2.2",""
"El Salvador","1975","Both sexes","1.6",""
"Equatorial Guinea","2004","Male","2.3",""
"Equatorial Guinea","2004","Female","3.5",""
"Equatorial Guinea","2004","Both sexes","2.8",""
"Equatorial Guinea","2000","Male","8.4",""
"Equatorial Guinea","2000","Female","10.1",""
"Equatorial Guinea","2000","Both sexes","9.2",""
"Equatorial Guinea","1997","Male","4.7",""
"Equatorial Guinea","1997","Female","3.3",""
"Equatorial Guinea","1997","Both sexes","4",""
"Eritrea","2002","Male","16.8",""
"Eritrea","2002","Female","13",""
"Eritrea","2002","Both sexes","14.9",""
"Eritrea","1996","Male","20.7",""
"Eritrea","1996","Female","19.6",""
"Eritrea","1996","Both sexes","20.2",""
"Eritrea","1993","Both sexes","11.8",""
"Ethiopia","2011","Male","11.5",""
"Ethiopia","2011","Female","8.6",""
"Ethiopia","2011","Both sexes","10.1",""
"Ethiopia","2005","Male","13.7",""
"Ethiopia","2005","Female","10.8",""
"Ethiopia","2005","Both sexes","12.3",""
"Ethiopia","2000","Male","13.9",""
"Ethiopia","2000","Female","10.8",""
"Ethiopia","2000","Both sexes","12.4",""
"Ethiopia","1992","Both sexes","9.6",""
"Fiji","2004","Male","4.7",""
"Fiji","2004","Female","8.2",""
"Fiji","2004","Both sexes","6.3",""
"Fiji","1993","Both sexes","9.8",""
"Gabon","2012","Male","3.7",""
"Gabon","2012","Female","3.1",""
"Gabon","2012","Both sexes","3.4",""
"Gabon","2001","Male","4.3",""
"Gabon","2001","Female","4.2",""
"Gabon","2001","Both sexes","4.3",""
"Gambia","2006","Male","8.1",""
"Gambia","2006","Female","6.6",""
"Gambia","2006","Both sexes","7.4",""
"Gambia","2000","Male","9.4",""
"Gambia","2000","Female","8.4",""
"Gambia","2000","Both sexes","8.9",""
"Georgia","2009","Male","1.8",""
"Georgia","2009","Female","1.5",""
"Georgia","2009","Both sexes","1.6",""
"Georgia","2005","Male","3",""
"Georgia","2005","Female","3",""
"Georgia","2005","Both sexes","3",""
"Georgia","1999","Both sexes","3.1",""
"Germany","2006","Male","1.2",""
"Germany","2006","Female","0.8",""
"Germany","2006","Both sexes","1",""
"Ghana","2008","Male","9.7",""
"Ghana","2008","Female","7.7",""
"Ghana","2008","Both sexes","8.7",""
"Ghana","2006","Male","6.8",""
"Ghana","2006","Female","5.4",""
"Ghana","2006","Both sexes","6.1",""
"Ghana","2003","Male","8.4",""
"Ghana","2003","Female","8.3",""
"Ghana","2003","Both sexes","8.4",""
"Ghana","1999","Male","11.2",""
"Ghana","1999","Female","8.6",""
"Ghana","1999","Both sexes","9.9",""
"Ghana","1994","Male","15.5",""
"Ghana","1994","Female","13.6",""
"Ghana","1994","Both sexes","14.6",""
"Ghana","1988","Male","10.8",""
"Ghana","1988","Female","8.1",""
"Ghana","1988","Both sexes","9.4",""
"Ghana","1988","Both sexes","8.8",""
"Guatemala","2009","Male","1.1",""
"Guatemala","2009","Female","1.1",""
"Guatemala","2009","Both sexes","1.1",""
"Guatemala","2002","Male","2.1",""
"Guatemala","2002","Female","1.5",""
"Guatemala","2002","Both sexes","1.8",""
"Guatemala","2000","Both sexes","3.7",""
"Guatemala","1999","Male","3.5",""
"Guatemala","1999","Female","2.2",""
"Guatemala","1999","Both sexes","2.9",""
"Guatemala","1995","Male","4.6",""
"Guatemala","1995","Female","3",""
"Guatemala","1995","Both sexes","3.8",""
"Guatemala","1987","Male","2.7",""
"Guatemala","1987","Female","2.1",""
"Guatemala","1987","Both sexes","2.4",""
"Guinea","2012","Male","6.6",""
"Guinea","2012","Female","4.6",""
"Guinea","2012","Both sexes","5.6",""
"Guinea","2008","Male","8.9",""
"Guinea","2008","Female","7.8",""
"Guinea","2008","Both sexes","8.3",""
"Guinea","2005","Male","11.7",""
"Guinea","2005","Female","9.8",""
"Guinea","2005","Both sexes","10.8",""
"Guinea","2000","Both sexes","10.3",""
"Guinea","1999","Male","10.8",""
"Guinea","1999","Female","8.8",""
"Guinea","1999","Both sexes","9.9",""
"Guinea","1995","Both sexes","14",""
"Guinea-Bissau","2008","Male","4.6",""
"Guinea-Bissau","2008","Female","5",""
"Guinea-Bissau","2008","Both sexes","4.8",""
"Guinea-Bissau","2006","Male","9.3",""
"Guinea-Bissau","2006","Female","8.4",""
"Guinea-Bissau","2006","Both sexes","8.9",""
"Guinea-Bissau","2000","Male","12.6",""
"Guinea-Bissau","2000","Female","11.2",""
"Guinea-Bissau","2000","Both sexes","11.8",""
"Guyana","2009","Male","6.9",""
"Guyana","2009","Female","3.8",""
"Guyana","2009","Both sexes","5.3",""
"Guyana","2007","Male","7.7",""
"Guyana","2007","Female","9.1",""
"Guyana","2007","Both sexes","8.3",""
"Guyana","2000","Male","13.5",""
"Guyana","2000","Female","10.6",""
"Guyana","2000","Both sexes","12.1",""
"Guyana","1997","Both sexes","13.3",""
"Guyana","1981","Both sexes","10.2",""
"Haiti","2012","Male","5.6",""
"Haiti","2012","Female","4.8",""
"Haiti","2012","Both sexes","5.2",""
"Haiti","2006","Male","10.2",""
"Haiti","2006","Female","10.4",""
"Haiti","2006","Both sexes","10.3",""
"Haiti","2000","Male","6.2",""
"Haiti","2000","Female","5",""
"Haiti","2000","Both sexes","5.6",""
"Haiti","1995","Male","11.2",""
"Haiti","1995","Female","7.6",""
"Haiti","1995","Both sexes","9.4",""
"Haiti","1990","Both sexes","5.9",""
"Haiti","1978","Both sexes","10.6",""
"Honduras","2012","Male","1.8",""
"Honduras","2012","Female","1",""
"Honduras","2012","Both sexes","1.4",""
"Honduras","2006","Male","1.6",""
"Honduras","2006","Female","1.1",""
"Honduras","2006","Both sexes","1.4",""
"Honduras","2001","Male","1.3",""
"Honduras","2001","Female","1.2",""
"Honduras","2001","Both sexes","1.2",""
"Honduras","1996","Male","2",""
"Honduras","1996","Female","0.7",""
"Honduras","1996","Both sexes","1.3",""
"Honduras","1994","Both sexes","2.7",""
"Honduras","1992","Both sexes","2.1",""
"Honduras","1987","Both sexes","2.3",""
"Hungary","1988","Male","4.6",""
"Hungary","1988","Female","3.6",""
"Hungary","1988","Both sexes","4.2",""
"India","2006","Male","20.7",""
"India","2006","Female","19.3",""
"India","2006","Both sexes","20",""
"India","1999","Male","20.5",""
"India","1999","Female","19.2",""
"India","1999","Both sexes","19.8",""
"India","1997","Both sexes","19.3",""
"India","1993","Male","22.8",""
"India","1993","Female","19.3",""
"India","1993","Both sexes","21.1",""
"India","1992","Both sexes","21",""
"India","1990","Both sexes","21.3",""
"India","1979","Both sexes","20.3",""
"Indonesia","2010","Male","12.5",""
"Indonesia","2010","Female","12.1",""
"Indonesia","2010","Both sexes","12.3",""
"Indonesia","2007","Male","15.7",""
"Indonesia","2007","Female","13.8",""
"Indonesia","2007","Both sexes","14.8",""
"Indonesia","2004","Male","15.3",""
"Indonesia","2004","Female","13.5",""
"Indonesia","2004","Both sexes","14.4",""
"Indonesia","2001","Male","6.2",""
"Indonesia","2001","Female","4.6",""
"Indonesia","2001","Both sexes","5.4",""
"Indonesia","2000","Male","6.4",""
"Indonesia","2000","Female","4.6",""
"Indonesia","2000","Both sexes","5.5",""
"Indonesia","1995","Both sexes","14.9",""
"Iran (Islamic Republic of)","2004","Both sexes","4.8",""
"Iran (Islamic Republic of)","1998","Both sexes","6.1",""
"Iran (Islamic Republic of)","1995","Both sexes","8.1",""
"Iraq","2006","Male","6.2",""
"Iraq","2006","Female","5.4",""
"Iraq","2006","Both sexes","5.8",""
"Iraq","2004","Both sexes","6.9",""
"Iraq","2003","Both sexes","5.6",""
"Iraq","2000","Male","7",""
"Iraq","2000","Female","6.2",""
"Iraq","2000","Both sexes","6.6",""
"Iraq","1991","Both sexes","4.4",""
"Italy","1977","Both sexes","1.2",""
"Jamaica","2010","Male","4.9",""
"Jamaica","2010","Female","2.1",""
"Jamaica","2010","Both sexes","3.5",""
"Jamaica","2008","Male","2.1",""
"Jamaica","2008","Female","2.1",""
"Jamaica","2008","Both sexes","2.1",""
"Jamaica","2007","Male","2.3",""
"Jamaica","2007","Female","2.3",""
"Jamaica","2007","Both sexes","2.3",""
"Jamaica","2006","Male","3.3",""
"Jamaica","2006","Female","3.3",""
"Jamaica","2006","Both sexes","3.3",""
"Jamaica","2004","Male","4.3",""
"Jamaica","2004","Female","4.7",""
"Jamaica","2004","Both sexes","4.5",""
"Jamaica","2002","Male","2.7",""
"Jamaica","2002","Female","2",""
"Jamaica","2002","Both sexes","2.3",""
"Jamaica","2001","Male","3",""
"Jamaica","2001","Female","2.8",""
"Jamaica","2001","Both sexes","2.9",""
"Jamaica","2000","Male","2.8",""
"Jamaica","2000","Female","3.3",""
"Jamaica","2000","Both sexes","3",""
"Jamaica","1999","Male","3",""
"Jamaica","1999","Female","2.1",""
"Jamaica","1999","Both sexes","2.5",""
"Jamaica","1998","Male","3.3",""
"Jamaica","1998","Female","2.6",""
"Jamaica","1998","Both sexes","2.9",""
"Jamaica","1997","Male","3.1",""
"Jamaica","1997","Female","1.5",""
"Jamaica","1997","Both sexes","2.3",""
"Jamaica","1996","Male","2.6",""
"Jamaica","1996","Female","2.5",""
"Jamaica","1996","Both sexes","2.5",""
"Jamaica","1995","Male","3.8",""
"Jamaica","1995","Female","5.2",""
"Jamaica","1995","Both sexes","4.5",""
"Jamaica","1994","Male","3.3",""
"Jamaica","1994","Female","2.4",""
"Jamaica","1994","Both sexes","2.9",""
"Jamaica","1993","Both sexes","4.5",""
"Jamaica","1992","Both sexes","3.2",""
"Jamaica","1991","Both sexes","5.3",""
"Jamaica","1989","Both sexes","4.4",""
"Jamaica","1978","Both sexes","6.3",""
"Japan","1981","Both sexes","1.2",""
"Jordan","2012","Male","2.4",""
"Jordan","2012","Female","2.4",""
"Jordan","2012","Both sexes","2.4",""
"Jordan","2009","Male","1.6",""
"Jordan","2009","Female","1.6",""
"Jordan","2009","Both sexes","1.6",""
"Jordan","2002","Male","2.9",""
"Jordan","2002","Female","2",""
"Jordan","2002","Both sexes","2.5",""
"Jordan","1997","Male","2.3",""
"Jordan","1997","Female","2.5",""
"Jordan","1997","Both sexes","2.4",""
"Jordan","1990","Male","4.6",""
"Jordan","1990","Female","3",""
"Jordan","1990","Both sexes","3.8",""
"Kazakhstan","2011","Male","4.4",""
"Kazakhstan","2011","Female","3.7",""
"Kazakhstan","2011","Both sexes","4.1",""
"Kazakhstan","2006","Male","5.3",""
"Kazakhstan","2006","Female","4.5",""
"Kazakhstan","2006","Both sexes","4.9",""
"Kazakhstan","1999","Male","4",""
"Kazakhstan","1999","Female","1.2",""
"Kazakhstan","1999","Both sexes","2.5",""
"Kazakhstan","1995","Male","7.5",""
"Kazakhstan","1995","Female","7",""
"Kazakhstan","1995","Both sexes","7.3",""
"Kenya","2009","Male","8.2",""
"Kenya","2009","Female","5.8",""
"Kenya","2009","Both sexes","7",""
"Kenya","2006","Both sexes","7.7",""
"Kenya","2003","Male","7.5",""
"Kenya","2003","Female","5",""
"Kenya","2003","Both sexes","6.2",""
"Kenya","2000","Male","8.2",""
"Kenya","2000","Female","6.6",""
"Kenya","2000","Both sexes","7.4",""
"Kenya","1998","Male","9",""
"Kenya","1998","Female","8.4",""
"Kenya","1998","Both sexes","8.7",""
"Kenya","1994","Both sexes","9.4",""
"Kenya","1993","Male","7.6",""
"Kenya","1993","Female","6.6",""
"Kenya","1993","Both sexes","7.1",""
"Kenya","1989","Both sexes","5.7",""
"Kenya","1982","Both sexes","5.8",""
"Kenya","1979","Both sexes","6.6",""
"Kiribati","1985","Both sexes","12.6",""
"Kuwait","2012","Male","2.4",""
"Kuwait","2012","Female","2.4",""
"Kuwait","2012","Both sexes","2.4",""
"Kuwait","2011","Male","2",""
"Kuwait","2011","Female","1.4",""
"Kuwait","2011","Both sexes","1.7",""
"Kuwait","2010","Male","2.6",""
"Kuwait","2010","Female","2.1",""
"Kuwait","2010","Both sexes","2.4",""
"Kuwait","2009","Male","1.5",""
"Kuwait","2009","Female","2.1",""
"Kuwait","2009","Both sexes","1.8",""
"Kuwait","2008","Male","2.6",""
"Kuwait","2008","Female","1.9",""
"Kuwait","2008","Both sexes","2.2",""
"Kuwait","2007","Male","3.5",""
"Kuwait","2007","Female","3.6",""
"Kuwait","2007","Both sexes","3.6",""
"Kuwait","2006","Male","2.4",""
"Kuwait","2006","Female","3.4",""
"Kuwait","2006","Both sexes","2.8",""
"Kuwait","2005","Male","3.5",""
"Kuwait","2005","Female","3.1",""
"Kuwait","2005","Both sexes","3.3",""
"Kuwait","2004","Male","3.7",""
"Kuwait","2004","Female","3.1",""
"Kuwait","2004","Both sexes","3.4",""
"Kuwait","2003","Male","2.6",""
"Kuwait","2003","Female","2.5",""
"Kuwait","2003","Both sexes","2.6",""
"Kuwait","2002","Male","2.1",""
"Kuwait","2002","Female","2.2",""
"Kuwait","2002","Both sexes","2.2",""
"Kuwait","2001","Male","2.5",""
"Kuwait","2001","Female","1.8",""
"Kuwait","2001","Both sexes","2.2",""
"Kuwait","1997","Both sexes","1.7",""
"Kuwait","1995","Both sexes","12",""
"Kuwait","1984","Both sexes","3.4",""
"Kyrgyzstan","2009","Male","1.4",""
"Kyrgyzstan","2009","Female","1.1",""
"Kyrgyzstan","2009","Both sexes","1.3",""
"Kyrgyzstan","2006","Male","3.5",""
"Kyrgyzstan","2006","Female","3.2",""
"Kyrgyzstan","2006","Both sexes","3.4",""
"Kyrgyzstan","1997","Male","3.7",""
"Kyrgyzstan","1997","Female","2.9",""
"Kyrgyzstan","1997","Both sexes","3.3",""
"Kyrgyzstan","1993","Both sexes","8.5",""
"Lao People's Democratic Republic","2006","Male","7.8",""
"Lao People's Democratic Republic","2006","Female","6.8",""
"Lao People's Democratic Republic","2006","Both sexes","7.3",""
"Lao People's Democratic Republic","2000","Male","18.8",""
"Lao People's Democratic Republic","2000","Female","16.1",""
"Lao People's Democratic Republic","2000","Both sexes","17.5",""
"Lao People's Democratic Republic","1994","Both sexes","12.3",""
"Lao People's Democratic Republic","1993","Both sexes","11.8",""
"Lebanon","2004","Male","7.8",""
"Lebanon","2004","Female","5.4",""
"Lebanon","2004","Both sexes","6.6",""
"Lebanon","1996","Male","4.2",""
"Lebanon","1996","Female","3.1",""
"Lebanon","1996","Both sexes","3.6",""
"Lesotho","2010","Male","4.2",""
"Lesotho","2010","Female","3.5",""
"Lesotho","2010","Both sexes","3.9",""
"Lesotho","2005","Male","5.8",""
"Lesotho","2005","Female","5.5",""
"Lesotho","2005","Both sexes","5.6",""
"Lesotho","2000","Male","7.4",""
"Lesotho","2000","Female","6",""
"Lesotho","2000","Both sexes","6.7",""
"Lesotho","1993","Both sexes","22.4",""
"Lesotho","1992","Both sexes","3.2",""
"Liberia","2007","Male","7.9",""
"Liberia","2007","Female","7.8",""
"Liberia","2007","Both sexes","7.8",""
"Liberia","2000","Male","8.9",""
"Liberia","2000","Female","5.9",""
"Liberia","2000","Both sexes","7.4",""
"Liberia","1976","Both sexes","4.3",""
"Libya","2007","Male","6.8",""
"Libya","2007","Female","6.1",""
"Libya","2007","Both sexes","6.5",""
"Libya","1995","Both sexes","3.7",""
"Libya","1995","Male","3.8",""
"Libya","1995","Female","3.4",""
"Libya","1995","Both sexes","3.6",""
"Madagascar","2004","Male","18",""
"Madagascar","2004","Female","12.5",""
"Madagascar","2004","Both sexes","15.2",""
"Madagascar","1997","Male","12.1",""
"Madagascar","1997","Female","8.3",""
"Madagascar","1997","Both sexes","10.2",""
"Madagascar","1995","Both sexes","9",""
"Madagascar","1994","Both sexes","16.4",""
"Madagascar","1992","Male","7.3",""
"Madagascar","1992","Female","5.4",""
"Madagascar","1992","Both sexes","6.4",""
"Madagascar","1984","Both sexes","13.8",""
"Malawi","2010","Male","4.4",""
"Malawi","2010","Female","3.8",""
"Malawi","2010","Both sexes","4.1",""
"Malawi","2009","Male","2",""
"Malawi","2009","Female","1.6",""
"Malawi","2009","Both sexes","1.8",""
"Malawi","2006","Male","4.8",""
"Malawi","2006","Female","3.6",""
"Malawi","2006","Both sexes","4.2",""
"Malawi","2005","Male","7",""
"Malawi","2005","Female","5.6",""
"Malawi","2005","Both sexes","6.3",""
"Malawi","2000","Male","6.7",""
"Malawi","2000","Female","6.9",""
"Malawi","2000","Both sexes","6.8",""
"Malawi","1998","Both sexes","11",""
"Malawi","1995","Both sexes","8.5",""
"Malawi","1992","Male","7.3",""
"Malawi","1992","Female","5.9",""
"Malawi","1992","Both sexes","6.6",""
"Malawi","1982","Both sexes","3.7",""
"Malawi","1981","Both sexes","2.2",""
"Malaysia","1999","Both sexes","15.3",""
"Maldives","2009","Male","13.5",""
"Maldives","2009","Female","10.2",""
"Maldives","2009","Both sexes","10.2",""
"Maldives","2001","Male","14.3",""
"Maldives","2001","Female","12.2",""
"Maldives","2001","Both sexes","13.4",""
"Maldives","1998","Male","30.7",""
"Maldives","1998","Female","14.4",""
"Maldives","1998","Both sexes","21.8",""
"Maldives","1995","Both sexes","18.9",""
"Maldives","1994","Male","17",""
"Maldives","1994","Female","15.2",""
"Maldives","1994","Both sexes","16.1",""
"Maldives","1983","Both sexes","7.7",""
"Mali","2006","Male","16.2",""
"Mali","2006","Female","14.3",""
"Mali","2006","Both sexes","15.3",""
"Mali","2001","Male","13.5",""
"Mali","2001","Female","11.6",""
"Mali","2001","Both sexes","12.6",""
"Mali","1996","Male","29.2",""
"Mali","1996","Female","26.4",""
"Mali","1996","Both sexes","27.8",""
"Mali","1996","Both sexes","12.7",""
"Mali","1987","Male","16.6",""
"Mali","1987","Female","11.8",""
"Mali","1987","Both sexes","14.3",""
"Mauritania","2012","Male","13.1",""
"Mauritania","2012","Female","10.1",""
"Mauritania","2012","Both sexes","11.6",""
"Mauritania","2008","Male","9.4",""
"Mauritania","2008","Female","6.8",""
"Mauritania","2008","Both sexes","8.1",""
"Mauritania","2007","Male","14.2",""
"Mauritania","2007","Female","12.6",""
"Mauritania","2007","Both sexes","13.4",""
"Mauritania","2001","Male","17.2",""
"Mauritania","2001","Female","13.3",""
"Mauritania","2001","Both sexes","15.3",""
"Mauritania","1996","Both sexes","8.7",""
"Mauritania","1990","Male","17.3",""
"Mauritania","1990","Female","17.4",""
"Mauritania","1990","Both sexes","17.4",""
"Mauritania","1988","Both sexes","19.1",""
"Mauritius","1995","Both sexes","15.7",""
"Mauritius","1985","Both sexes","18.3",""
"Mexico","2012","Male","1.8",""
"Mexico","2012","Female","1.4",""
"Mexico","2012","Both sexes","1.6",""
"Mexico","2006","Male","2.5",""
"Mexico","2006","Female","1.5",""
"Mexico","2006","Both sexes","2",""
"Mexico","1999","Male","3",""
"Mexico","1999","Female","1.7",""
"Mexico","1999","Both sexes","2.3",""
"Mexico","1996","Both sexes","8.5",""
"Mexico","1989","Male","6.4",""
"Mexico","1989","Female","5.7",""
"Mexico","1989","Both sexes","6.1",""
"Mexico","1988","Both sexes","7.4",""
"Mongolia","2005","Male","2.6",""
"Mongolia","2005","Female","2.8",""
"Mongolia","2005","Both sexes","2.7",""
"Mongolia","2004","Male","0.6",""
"Mongolia","2004","Female","0.7",""
"Mongolia","2004","Both sexes","0.6",""
"Mongolia","2000","Male","7.3",""
"Mongolia","2000","Female","6.9",""
"Mongolia","2000","Both sexes","7.1",""
"Mongolia","1999","Male","4.5",""
"Mongolia","1999","Female","4.2",""
"Mongolia","1999","Both sexes","4.3",""
"Mongolia","1992","Both sexes","2.3",""
"Montenegro","2006","Male","4.3",""
"Montenegro","2006","Female","4.1",""
"Montenegro","2006","Both sexes","4.2",""
"Morocco","2011","Male","2.8",""
"Morocco","2011","Female","1.8",""
"Morocco","2011","Both sexes","2.3",""
"Morocco","2004","Male","11.1",""
"Morocco","2004","Female","10.4",""
"Morocco","2004","Both sexes","10.8",""
"Morocco","1997","Male","5",""
"Morocco","1997","Female","4.5",""
"Morocco","1997","Both sexes","4.7",""
"Morocco","1992","Male","2.9",""
"Morocco","1992","Female","2.3",""
"Morocco","1992","Both sexes","2.6",""
"Morocco","1987","Male","4",""
"Morocco","1987","Female","3.8",""
"Morocco","1987","Both sexes","3.9",""
"Mozambique","2011","Male","6.7",""
"Mozambique","2011","Female","5.5",""
"Mozambique","2011","Both sexes","6.1",""
"Mozambique","2008","Male","4.9",""
"Mozambique","2008","Female","3.5",""
"Mozambique","2008","Both sexes","4.2",""
"Mozambique","2003","Male","5.8",""
"Mozambique","2003","Female","5.1",""
"Mozambique","2003","Both sexes","5.4",""
"Mozambique","2001","Both sexes","6.8",""
"Mozambique","1997","Male","12.9",""
"Mozambique","1997","Female","12.2",""
"Mozambique","1997","Both sexes","12.5",""
"Mozambique","1995","Both sexes","9.6",""
"Myanmar","2010","Male","8.7",""
"Myanmar","2010","Female","7.1",""
"Myanmar","2010","Both sexes","7.9",""
"Myanmar","2003","Male","11.5",""
"Myanmar","2003","Female","9.8",""
"Myanmar","2003","Both sexes","10.7",""
"Myanmar","2000","Male","11.5",""
"Myanmar","2000","Female","9.9",""
"Myanmar","2000","Both sexes","10.7",""
"Myanmar","1997","Both sexes","9.8",""
"Myanmar","1994","Both sexes","9.4",""
"Myanmar","1991","Both sexes","13.1",""
"Myanmar","1985","Both sexes","12.9",""
"Namibia","2007","Male","7.3",""
"Namibia","2007","Female","7.8",""
"Namibia","2007","Both sexes","7.5",""
"Namibia","2000","Male","10.9",""
"Namibia","2000","Female","9.2",""
"Namibia","2000","Both sexes","10",""
"Namibia","1992","Male","10.5",""
"Namibia","1992","Female","8.8",""
"Namibia","1992","Both sexes","9.6",""
"Nauru","2007","Both sexes","1",""
"Nepal","2011","Male","12.3",""
"Nepal","2011","Female","10",""
"Nepal","2011","Both sexes","11.2",""
"Nepal","2006","Male","13",""
"Nepal","2006","Female","12.4",""
"Nepal","2006","Both sexes","12.7",""
"Nepal","2001","Male","12.4",""
"Nepal","2001","Female","10.3",""
"Nepal","2001","Both sexes","11.3",""
"Nepal","1998","Male","8.8",""
"Nepal","1998","Female","7",""
"Nepal","1998","Both sexes","7.9",""
"Nepal","1996","Male","15.9",""
"Nepal","1996","Female","14.2",""
"Nepal","1996","Both sexes","15.1",""
"Nepal","1995","Both sexes","7.5",""
"Nepal","1975","Male","18.2",""
"Nepal","1975","Female","11.9",""
"Nepal","1975","Both sexes","15.2",""
"Netherlands","1980","Male","3.2",""
"Netherlands","1980","Female","2.1",""
"Netherlands","1980","Both sexes","2.7",""
"Nicaragua","2007","Male","1.5",""
"Nicaragua","2007","Female","1.4",""
"Nicaragua","2007","Both sexes","1.5",""
"Nicaragua","2005","Male","0.4",""
"Nicaragua","2005","Female","0.2",""
"Nicaragua","2005","Both sexes","0.3",""
"Nicaragua","2001","Male","2.7",""
"Nicaragua","2001","Female","1.9",""
"Nicaragua","2001","Both sexes","2.3",""
"Nicaragua","1998","Male","4",""
"Nicaragua","1998","Female","3.4",""
"Nicaragua","1998","Both sexes","3.7",""
"Nicaragua","1998","Male","3.9",""
"Nicaragua","1998","Female","2.8",""
"Nicaragua","1998","Both sexes","3.3",""
"Nicaragua","1993","Male","3",""
"Nicaragua","1993","Female","1.8",""
"Nicaragua","1993","Both sexes","2.4",""
"Nicaragua","1982","Both sexes","0.7",""
"Niger","2006","Male","13.8",""
"Niger","2006","Female","10.9",""
"Niger","2006","Both sexes","12.4",""
"Niger","2000","Male","17.9",""
"Niger","2000","Female","14.4",""
"Niger","2000","Both sexes","16.2",""
"Niger","1998","Male","25.5",""
"Niger","1998","Female","25.5",""
"Niger","1998","Both sexes","25.5",""
"Niger","1992","Male","19.5",""
"Niger","1992","Female","18.2",""
"Niger","1992","Both sexes","18.9",""
"Niger","1985","Both sexes","25.3",""
"Nigeria","2011","Male","11",""
"Nigeria","2011","Female","9.5",""
"Nigeria","2011","Both sexes","10.2",""
"Nigeria","2008","Male","14.8",""
"Nigeria","2008","Female","14",""
"Nigeria","2008","Both sexes","14.4",""
"Nigeria","2007","Male","13.8",""
"Nigeria","2007","Female","12.9",""
"Nigeria","2007","Both sexes","13.4",""
"Nigeria","2003","Male","12",""
"Nigeria","2003","Female","10.4",""
"Nigeria","2003","Both sexes","11.2",""
"Nigeria","1999","Both sexes","17.6",""
"Nigeria","1993","Both sexes","20.6",""
"Nigeria","1990","Male","12.6",""
"Nigeria","1990","Female","11",""
"Nigeria","1990","Both sexes","11.8",""
"Nigeria","1983","Both sexes","22.7",""
"Oman","2009","Male","8.1",""
"Oman","2009","Female","6",""
"Oman","2009","Both sexes","7.1",""
"Oman","1999","Male","8.3",""
"Oman","1999","Female","6.1",""
"Oman","1999","Both sexes","7.3",""
"Oman","1995","Male","7.7",""
"Oman","1995","Female","6.3",""
"Oman","1995","Both sexes","7",""
"Oman","1991","Both sexes","8.8",""
"Pakistan","2011","Male","15.5",""
"Pakistan","2011","Female","14.1",""
"Pakistan","2011","Both sexes","14.8",""
"Pakistan","2001","Male","15.1",""
"Pakistan","2001","Female","13.2",""
"Pakistan","2001","Both sexes","14.2",""
"Pakistan","1994","Male","17.4",""
"Pakistan","1994","Female","17.1",""
"Pakistan","1994","Both sexes","17.2",""
"Pakistan","1991","Male","14.5",""
"Pakistan","1991","Female","10.5",""
"Pakistan","1991","Both sexes","12.5",""
"Pakistan","1987","Both sexes","24",""
"Pakistan","1977","Both sexes","15.2",""
"Panama","2008","Male","1.1",""
"Panama","2008","Female","1.4",""
"Panama","2008","Both sexes","1.2",""
"Panama","1997","Male","1.4",""
"Panama","1997","Female","1.4",""
"Panama","1997","Both sexes","1.4",""
"Panama","1980","Both sexes","7.5",""
"Papua New Guinea","2005","Male","4.8",""
"Papua New Guinea","2005","Female","4",""
"Papua New Guinea","2005","Both sexes","4.4",""
"Papua New Guinea","1983","Male","6.7",""
"Papua New Guinea","1983","Female","5.9",""
"Papua New Guinea","1983","Both sexes","6.3",""
"Paraguay","2005","Both sexes","1.1",""
"Paraguay","1990","Male","0.3",""
"Paraguay","1990","Female","0.9",""
"Paraguay","1990","Both sexes","0.6",""
"Peru","2008","Male","0.9",""
"Peru","2008","Female","0.8",""
"Peru","2008","Both sexes","0.8",""
"Peru","2005","Male","1.1",""
"Peru","2005","Female","0.9",""
"Peru","2005","Both sexes","1",""
"Peru","2000","Male","1.2",""
"Peru","2000","Female","1.1",""
"Peru","2000","Both sexes","1.1",""
"Peru","1996","Male","1.8",""
"Peru","1996","Female","1.5",""
"Peru","1996","Both sexes","1.6",""
"Peru","1992","Male","2",""
"Peru","1992","Female","1.8",""
"Peru","1992","Both sexes","1.9",""
"Peru","1984","Both sexes","1.3",""
"Philippines","2011","Male","7.5",""
"Philippines","2011","Female","7.1",""
"Philippines","2011","Both sexes","7.3",""
"Philippines","2008","Male","7.4",""
"Philippines","2008","Female","6.4",""
"Philippines","2008","Both sexes","6.9",""
"Philippines","2003","Male","6.5",""
"Philippines","2003","Female","5.5",""
"Philippines","2003","Both sexes","6",""
"Philippines","1998","Both sexes","8",""
"Philippines","1993","Both sexes","9.1",""
"Philippines","1992","Both sexes","8.8",""
"Philippines","1990","Both sexes","6.9",""
"Philippines","1987","Both sexes","5.7",""
"Philippines","1982","Both sexes","6.1",""
"Philippines","1975","Both sexes","9.9",""
"Qatar","1995","Both sexes","2.1",""
"Republic of Moldova","2005","Male","6",""
"Republic of Moldova","2005","Female","5.6",""
"Republic of Moldova","2005","Both sexes","5.8",""
"Romania","2002","Male","3.6",""
"Romania","2002","Female","3.4",""
"Romania","2002","Both sexes","3.5",""
"Romania","2001","Male","4.1",""
"Romania","2001","Female","3.7",""
"Romania","2001","Both sexes","3.9",""
"Romania","2000","Male","4.7",""
"Romania","2000","Female","3.9",""
"Romania","2000","Both sexes","4.3",""
"Romania","1999","Male","3.9",""
"Romania","1999","Female","3.2",""
"Romania","1999","Both sexes","3.6",""
"Romania","1991","Both sexes","3.3",""
"Rwanda","2011","Male","3.5",""
"Rwanda","2011","Female","2.4",""
"Rwanda","2011","Both sexes","3",""
"Rwanda","2005","Male","5",""
"Rwanda","2005","Female","4.7",""
"Rwanda","2005","Both sexes","4.8",""
"Rwanda","2000","Both sexes","7.8",""
"Rwanda","2000","Male","9.2",""
"Rwanda","2000","Female","8.2",""
"Rwanda","2000","Both sexes","8.7",""
"Rwanda","1996","Both sexes","10.8",""
"Rwanda","1992","Male","6",""
"Rwanda","1992","Female","4.1",""
"Rwanda","1992","Both sexes","5",""
"Rwanda","1976","Both sexes","6.5",""
"Saint Lucia","1976","Both sexes","7.5",""
"Samoa","1999","Both sexes","1.3",""
"Sao Tome and Principe","2009","Male","11.3",""
"Sao Tome and Principe","2009","Female","11.1",""
"Sao Tome and Principe","2009","Both sexes","11.2",""
"Sao Tome and Principe","2006","Both sexes","9.6",""
"Sao Tome and Principe","2000","Male","4.4",""
"Sao Tome and Principe","2000","Female","3.5",""
"Sao Tome and Principe","2000","Both sexes","3.9",""
"Sao Tome and Principe","1986","Both sexes","6",""
"Saudi Arabia","2005","Male","12.7",""
"Saudi Arabia","2005","Female","10.8",""
"Saudi Arabia","2005","Both sexes","11.8",""
"Saudi Arabia","1994","Both sexes","2.9",""
"Senegal","2012","Male","9.9",""
"Senegal","2012","Female","7.5",""
"Senegal","2012","Both sexes","8.7",""
"Senegal","2011","Male","9.7",""
"Senegal","2011","Female","9.9",""
"Senegal","2011","Both sexes","9.8",""
"Senegal","2005","Male","8.8",""
"Senegal","2005","Female","8.5",""
"Senegal","2005","Both sexes","8.7",""
"Senegal","2000","Male","11.2",""
"Senegal","2000","Female","8.8",""
"Senegal","2000","Both sexes","10",""
"Senegal","1996","Both sexes","8.2",""
"Senegal","1993","Male","10.3",""
"Senegal","1993","Female","8.6",""
"Senegal","1993","Both sexes","9.4",""
"Senegal","1992","Both sexes","6.8",""
"Senegal","1986","Male","7.3",""
"Senegal","1986","Female","3.5",""
"Senegal","1986","Both sexes","5.4",""
"Serbia","2010","Male","2.7",""
"Serbia","2010","Female","4.2",""
"Serbia","2010","Both sexes","3.5",""
"Serbia","2006","Male","4.8",""
"Serbia","2006","Female","4.2",""
"Serbia","2006","Both sexes","4.5",""
"Seychelles","1988","Both sexes","2.7",""
"Sierra Leone","2010","Male","8.3",""
"Sierra Leone","2010","Female","6.8",""
"Sierra Leone","2010","Both sexes","7.6",""
"Sierra Leone","2010","Male","10.3",""
"Sierra Leone","2010","Female","8.1",""
"Sierra Leone","2010","Both sexes","9.2",""
"Sierra Leone","2008","Male","10.4",""
"Sierra Leone","2008","Female","10.6",""
"Sierra Leone","2008","Both sexes","10.5",""
"Sierra Leone","2005","Male","11.7",""
"Sierra Leone","2005","Female","8.7",""
"Sierra Leone","2005","Both sexes","10.2",""
"Sierra Leone","2000","Male","12.6",""
"Sierra Leone","2000","Female","10.5",""
"Sierra Leone","2000","Both sexes","11.6",""
"Sierra Leone","1990","Both sexes","10.2",""
"Sierra Leone","1989","Both sexes","8.4",""
"Sierra Leone","1978","Both sexes","6.1",""
"Sierra Leone","1975","Both sexes","19.7",""
"Singapore","2000","Male","3.8",""
"Singapore","2000","Female","3.3",""
"Singapore","2000","Both sexes","3.6",""
"Singapore","1977","Male","8.8",""
"Singapore","1977","Female","6.5",""
"Singapore","1977","Both sexes","7.7",""
"Solomon Islands","2007","Both sexes","4.3",""
"Solomon Islands","1989","Male","8.3",""
"Solomon Islands","1989","Female","6.4",""
"Solomon Islands","1989","Both sexes","7.4",""
"Solomon Islands","1970","Male","9.2",""
"Solomon Islands","1970","Female","6.1",""
"Solomon Islands","1970","Both sexes","7.9",""
"Somalia","2006","Male","14.4",""
"Somalia","2006","Female","11.9",""
"Somalia","2006","Both sexes","13.2",""
"Somalia","2000","Both sexes","19.3",""
"South Africa","2008","Both sexes","4.7",""
"South Africa","2005","Male","8.2",""
"South Africa","2005","Female","6.7",""
"South Africa","2005","Both sexes","7.4",""
"South Africa","1999","Both sexes","4.4",""
"South Africa","1995","Both sexes","3.3",""
"South Sudan","2006","Male","26.2",""
"South Sudan","2006","Female","22.9",""
"South Sudan","2006","Both sexes","24.6",""
"Sri Lanka","2009","Male","12.1",""
"Sri Lanka","2009","Female","11.5",""
"Sri Lanka","2009","Both sexes","11.8",""
"Sri Lanka","2007","Male","16.1",""
"Sri Lanka","2007","Female","13.2",""
"Sri Lanka","2007","Both sexes","14.7",""
"Sri Lanka","2000","Male","16.5",""
"Sri Lanka","2000","Female","14.3",""
"Sri Lanka","2000","Both sexes","15.5",""
"Sri Lanka","1995","Both sexes","15.3",""
"Sri Lanka","1993","Both sexes","17.5",""
"Sri Lanka","1987","Male","15.3",""
"Sri Lanka","1987","Female","11",""
"Sri Lanka","1987","Both sexes","13.3",""
"Sri Lanka","1978","Both sexes","15.9",""
"Sudan","2006","Male","15",""
"Sudan","2006","Female","13.9",""
"Sudan","2006","Both sexes","14.5",""
"Suriname","2010","Male","5.8",""
"Suriname","2010","Female","4.2",""
"Suriname","2010","Both sexes","5",""
"Suriname","2006","Male","5.2",""
"Suriname","2006","Female","4.7",""
"Suriname","2006","Both sexes","4.9",""
"Suriname","2000","Male","7.6",""
"Suriname","2000","Female","6.3",""
"Suriname","2000","Both sexes","7",""
"Swaziland","2010","Male","0.5",""
"Swaziland","2010","Female","1",""
"Swaziland","2010","Both sexes","0.8",""
"Swaziland","2008","Both sexes","1.1",""
"Swaziland","2007","Male","3.5",""
"Swaziland","2007","Female","2.4",""
"Swaziland","2007","Both sexes","2.9",""
"Swaziland","2000","Male","1.6",""
"Swaziland","2000","Female","1.9",""
"Swaziland","2000","Both sexes","1.7",""
"Swaziland","1984","Both sexes","1.3",""
"Syrian Arab Republic","2009","Male","12.5",""
"Syrian Arab Republic","2009","Female","10.5",""
"Syrian Arab Republic","2009","Both sexes","11.5",""
"Syrian Arab Republic","2006","Male","11.4",""
"Syrian Arab Republic","2006","Female","9",""
"Syrian Arab Republic","2006","Both sexes","10.3",""
"Syrian Arab Republic","2001","Male","10.5",""
"Syrian Arab Republic","2001","Female","10",""
"Syrian Arab Republic","2001","Both sexes","10.3",""
"Syrian Arab Republic","2000","Both sexes","4.9",""
"Syrian Arab Republic","1995","Both sexes","10.4",""
"Syrian Arab Republic","1993","Male","11.5",""
"Syrian Arab Republic","1993","Female","8.4",""
"Syrian Arab Republic","1993","Both sexes","10",""
"Tajikistan","2009","Male","4.8",""
"Tajikistan","2009","Female","3.8",""
"Tajikistan","2009","Both sexes","4.3",""
"Tajikistan","2007","Male","6.8",""
"Tajikistan","2007","Female","6.7",""
"Tajikistan","2007","Both sexes","6.7",""
"Tajikistan","2005","Male","9",""
"Tajikistan","2005","Female","8.3",""
"Tajikistan","2005","Both sexes","8.7",""
"Tajikistan","2003","Both sexes","5.9",""
"Tajikistan","2002","Both sexes","6.1",""
"Tajikistan","2001","Both sexes","19.4",""
"Tajikistan","2000","Both sexes","9.4",""
"Tajikistan","1999","Both sexes","11.4",""
"Thailand","2006","Male","4.6",""
"Thailand","2006","Female","4.8",""
"Thailand","2006","Both sexes","4.7",""
"Thailand","1995","Both sexes","6.7",""
"Thailand","1993","Both sexes","7.3",""
"Thailand","1987","Male","7.4",""
"Thailand","1987","Female","4.5",""
"Thailand","1987","Both sexes","6",""
"The former Yugoslav Republic of Macedonia","2005","Male","2.4",""
"The former Yugoslav Republic of Macedonia","2005","Female","4.5",""
"The former Yugoslav Republic of Macedonia","2005","Both sexes","3.4",""
"The former Yugoslav Republic of Macedonia","2004","Male","1.5",""
"The former Yugoslav Republic of Macedonia","2004","Female","3.2",""
"The former Yugoslav Republic of Macedonia","2004","Both sexes","2.4",""
"The former Yugoslav Republic of Macedonia","1999","Male","1.8",""
"The former Yugoslav Republic of Macedonia","1999","Female","1.5",""
"The former Yugoslav Republic of Macedonia","1999","Both sexes","1.7",""
"Timor-Leste","2010","Male","20.4",""
"Timor-Leste","2010","Female","17.4",""
"Timor-Leste","2010","Both sexes","18.9",""
"Timor-Leste","2008","Male","29.2",""
"Timor-Leste","2008","Female","19.6",""
"Timor-Leste","2008","Both sexes","24.5",""
"Timor-Leste","2003","Both sexes","14.3",""
"Timor-Leste","2002","Male","15.9",""
"Timor-Leste","2002","Female","11.4",""
"Timor-Leste","2002","Both sexes","13.7",""
"Togo","2010","Male","5.9",""
"Togo","2010","Female","3.6",""
"Togo","2010","Both sexes","4.8",""
"Togo","2008","Male","6.1",""
"Togo","2008","Female","5.9",""
"Togo","2008","Both sexes","6",""
"Togo","2006","Male","17",""
"Togo","2006","Female","15.6",""
"Togo","2006","Both sexes","16.3",""
"Togo","1998","Male","13.4",""
"Togo","1998","Female","14.4",""
"Togo","1998","Both sexes","13.9",""
"Togo","1988","Male","6.9",""
"Togo","1988","Female","6.3",""
"Togo","1988","Both sexes","6.6",""
"Togo","1988","Both sexes","5.5",""
"Togo","1977","Both sexes","5.5",""
"Tonga","1986","Both sexes","1.3",""
"Trinidad and Tobago","2000","Male","5.8",""
"Trinidad and Tobago","2000","Female","4.6",""
"Trinidad and Tobago","2000","Both sexes","5.2",""
"Trinidad and Tobago","1987","Male","3.5",""
"Trinidad and Tobago","1987","Female","3.6",""
"Trinidad and Tobago","1987","Both sexes","3.5",""
"Trinidad and Tobago","1976","Both sexes","11.7",""
"Tunisia","2006","Male","3.6",""
"Tunisia","2006","Female","3.3",""
"Tunisia","2006","Both sexes","3.4",""
"Tunisia","2000","Both sexes","2.9",""
"Tunisia","1997","Both sexes","7.2",""
"Tunisia","1995","Male","4.2",""
"Tunisia","1995","Female","4.9",""
"Tunisia","1995","Both sexes","4.5",""
"Tunisia","1988","Male","4.9",""
"Tunisia","1988","Female","4",""
"Tunisia","1988","Both sexes","4.4",""
"Tunisia","1975","Male","2.5",""
"Tunisia","1975","Female","1.5",""
"Tunisia","1975","Both sexes","2.1",""
"Turkey","2004","Male","1.5",""
"Turkey","2004","Female","0.6",""
"Turkey","2004","Both sexes","1.1",""
"Turkey","1998","Male","3.4",""
"Turkey","1998","Female","2.6",""
"Turkey","1998","Both sexes","3",""
"Turkey","1993","Male","4",""
"Turkey","1993","Female","3.6",""
"Turkey","1993","Both sexes","3.8",""
"Turkmenistan","2000","Both sexes","7.1",""
"Tuvalu","2007","Both sexes","3.3",""
"Uganda","2011","Male","4.8",""
"Uganda","2011","Female","4.8",""
"Uganda","2011","Both sexes","4.8",""
"Uganda","2006","Male","7.7",""
"Uganda","2006","Female","4.9",""
"Uganda","2006","Both sexes","6.3",""
"Uganda","2001","Male","6.2",""
"Uganda","2001","Female","3.7",""
"Uganda","2001","Both sexes","5",""
"Uganda","1995","Male","7.9",""
"Uganda","1995","Female","6",""
"Uganda","1995","Both sexes","7",""
"Uganda","1989","Male","3.4",""
"Uganda","1989","Female","2.9",""
"Uganda","1989","Both sexes","3.1",""
"Ukraine","2002","Both sexes","0.3",""
"Ukraine","2000","Male","8.5",""
"Ukraine","2000","Female","7.9",""
"Ukraine","2000","Both sexes","8.2",""
"United Kingdom","1979","Both sexes","1.4",""
"United Republic of Tanzania","2011","Male","6.3",""
"United Republic of Tanzania","2011","Female","6.8",""
"United Republic of Tanzania","2011","Both sexes","6.6",""
"United Republic of Tanzania","2010","Male","5.8",""
"United Republic of Tanzania","2010","Female","4",""
"United Republic of Tanzania","2010","Both sexes","4.9",""
"United Republic of Tanzania","2009","Male","2.7",""
"United Republic of Tanzania","2009","Female","2.7",""
"United Republic of Tanzania","2009","Both sexes","2.7",""
"United Republic of Tanzania","2005","Male","4",""
"United Republic of Tanzania","2005","Female","3.1",""
"United Republic of Tanzania","2005","Both sexes","3.5",""
"United Republic of Tanzania","1999","Male","6.1",""
"United Republic of Tanzania","1999","Female","5.1",""
"United Republic of Tanzania","1999","Both sexes","5.6",""
"United Republic of Tanzania","1996","Male","9.6",""
"United Republic of Tanzania","1996","Female","7.3",""
"United Republic of Tanzania","1996","Both sexes","8.5",""
"United Republic of Tanzania","1992","Male","8.9",""
"United Republic of Tanzania","1992","Female","6.8",""
"United Republic of Tanzania","1992","Both sexes","7.9",""
"United States of America","2004","Male","0.8",""
"United States of America","2004","Female","0.4",""
"United States of America","2004","Both sexes","0.6",""
"United States of America","2002","Male","0.6",""
"United States of America","2002","Female","0.1",""
"United States of America","2002","Both sexes","0.4",""
"United States of America","1994","Male","0.7",""
"United States of America","1994","Female","0.6",""
"United States of America","1994","Both sexes","0.7",""
"United States of America","1975","Both sexes","3.1",""
"Uruguay","2011","Male","1.1",""
"Uruguay","2011","Female","1",""
"Uruguay","2011","Both sexes","1.1",""
"Uruguay","2007","Male","2.9",""
"Uruguay","2007","Female","1.4",""
"Uruguay","2007","Both sexes","2.2",""
"Uruguay","2004","Male","3",""
"Uruguay","2004","Female","2.9",""
"Uruguay","2004","Both sexes","3",""
"Uruguay","2003","Male","3.1",""
"Uruguay","2003","Female","1.6",""
"Uruguay","2003","Both sexes","2.4",""
"Uruguay","2002","Male","2.6",""
"Uruguay","2002","Female","2.2",""
"Uruguay","2002","Both sexes","2.4",""
"Uruguay","1999","Male","2.5",""
"Uruguay","1999","Female","1.5",""
"Uruguay","1999","Both sexes","2",""
"Uzbekistan","2006","Male","5.3",""
"Uzbekistan","2006","Female","3.7",""
"Uzbekistan","2006","Both sexes","4.5",""
"Uzbekistan","2002","Male","8.7",""
"Uzbekistan","2002","Female","9.1",""
"Uzbekistan","2002","Both sexes","8.9",""
"Uzbekistan","1996","Male","13.5",""
"Uzbekistan","1996","Female","14",""
"Uzbekistan","1996","Both sexes","13.7",""
"Vanuatu","2007","Male","6.2",""
"Vanuatu","2007","Female","5.5",""
"Vanuatu","2007","Both sexes","5.9",""
"Vanuatu","1996","Both sexes","6.8",""
"Venezuela (Bolivarian Republic of)","2009","Both sexes","4.1",""
"Venezuela (Bolivarian Republic of)","2008","Both sexes","4.5",""
"Venezuela (Bolivarian Republic of)","2007","Both sexes","5",""
"Venezuela (Bolivarian Republic of)","2006","Both sexes","4.8",""
"Venezuela (Bolivarian Republic of)","2005","Both sexes","4.8",""
"Venezuela (Bolivarian Republic of)","2004","Both sexes","5.2",""
"Venezuela (Bolivarian Republic of)","2003","Both sexes","5.2",""
"Venezuela (Bolivarian Republic of)","2002","Both sexes","4.8",""
"Venezuela (Bolivarian Republic of)","2001","Both sexes","4.4",""
"Venezuela (Bolivarian Republic of)","2000","Both sexes","3.9",""
"Venezuela (Bolivarian Republic of)","1999","Both sexes","4",""
"Venezuela (Bolivarian Republic of)","1998","Both sexes","4.4",""
"Venezuela (Bolivarian Republic of)","1997","Both sexes","3.8",""
"Venezuela (Bolivarian Republic of)","1996","Both sexes","3.8",""
"Venezuela (Bolivarian Republic of)","1995","Both sexes","3.8",""
"Venezuela (Bolivarian Republic of)","1994","Both sexes","3.8",""
"Venezuela (Bolivarian Republic of)","1993","Both sexes","4",""
"Venezuela (Bolivarian Republic of)","1992","Both sexes","4.3",""
"Venezuela (Bolivarian Republic of)","1991","Both sexes","4.5",""
"Venezuela (Bolivarian Republic of)","1990","Both sexes","5.7",""
"Venezuela (Bolivarian Republic of)","1987","Both sexes","2.2",""
"Venezuela (Bolivarian Republic of)","1982","Both sexes","1.8",""
"Viet Nam","2011","Male","4.6",""
"Viet Nam","2011","Female","4.2",""
"Viet Nam","2011","Both sexes","4.4",""
"Viet Nam","2010","Male","7.3",""
"Viet Nam","2010","Female","6.9",""
"Viet Nam","2010","Both sexes","7.1",""
"Viet Nam","2008","Male","10.2",""
"Viet Nam","2008","Female","9.1",""
"Viet Nam","2008","Both sexes","9.7",""
"Viet Nam","2007","Male","10.8",""
"Viet Nam","2007","Female","9.3",""
"Viet Nam","2007","Both sexes","10.1",""
"Viet Nam","2006","Male","10.5",""
"Viet Nam","2006","Female","9.3",""
"Viet Nam","2006","Both sexes","9.9",""
"Viet Nam","2006","Both sexes","8.4",""
"Viet Nam","2005","Male","11.3",""
"Viet Nam","2005","Female","10",""
"Viet Nam","2005","Both sexes","10.7",""
"Viet Nam","2004","Male","11.9",""
"Viet Nam","2004","Female","10.5",""
"Viet Nam","2004","Both sexes","11.3",""
"Viet Nam","2003","Male","11.5",""
"Viet Nam","2003","Female","10.2",""
"Viet Nam","2003","Both sexes","10.9",""
"Viet Nam","2002","Male","9.5",""
"Viet Nam","2002","Female","8.3",""
"Viet Nam","2002","Both sexes","8.9",""
"Viet Nam","2000","Both sexes","10.3",""
"Viet Nam","2000","Male","11.7",""
"Viet Nam","2000","Female","9.3",""
"Viet Nam","2000","Both sexes","10.7",""
"Viet Nam","2000","Male","7.1",""
"Viet Nam","2000","Female","5.1",""
"Viet Nam","2000","Both sexes","6.1",""
"Viet Nam","1999","Male","12",""
"Viet Nam","1999","Female","9.9",""
"Viet Nam","1999","Both sexes","11",""
"Viet Nam","1999","Both sexes","11.6",""
"Viet Nam","1998","Both sexes","11.9",""
"Viet Nam","1994","Both sexes","13.5",""
"Viet Nam","1993","Male","7.5",""
"Viet Nam","1993","Female","5.8",""
"Viet Nam","1993","Both sexes","6.7",""
"Viet Nam","1989","Both sexes","11.1",""
"Viet Nam","1984","Both sexes","8.5",""
"Yemen","2003","Male","16.8",""
"Yemen","2003","Female","13.6",""
"Yemen","2003","Both sexes","15.2",""
"Yemen","1997","Male","17.6",""
"Yemen","1997","Female","15.4",""
"Yemen","1997","Both sexes","16.5",""
"Yemen","1996","Both sexes","17.4",""
"Yemen","1992","Male","16.2",""
"Yemen","1992","Female","12.7",""
"Yemen","1992","Both sexes","14.3",""
"Zambia","2007","Male","6",""
"Zambia","2007","Female","5.2",""
"Zambia","2007","Both sexes","5.6",""
"Zambia","2002","Male","6.6",""
"Zambia","2002","Female","5.8",""
"Zambia","2002","Both sexes","6.2",""
"Zambia","1999","Male","6.2",""
"Zambia","1999","Female","5.2",""
"Zambia","1999","Both sexes","5.7",""
"Zambia","1997","Male","6.4",""
"Zambia","1997","Female","4.4",""
"Zambia","1997","Both sexes","5.4",""
"Zambia","1992","Male","6.4",""
"Zambia","1992","Female","6.2",""
"Zambia","1992","Both sexes","6.3",""
"Zimbabwe","2011","Male","3.7",""
"Zimbabwe","2011","Female","2.6",""
"Zimbabwe","2011","Both sexes","3.1",""
"Zimbabwe","2006","Male","7.6",""
"Zimbabwe","2006","Female","6.9",""
"Zimbabwe","2006","Both sexes","7.3",""
"Zimbabwe","1999","Male","8.9",""
"Zimbabwe","1999","Female","8.1",""
"Zimbabwe","1999","Both sexes","8.5",""
"Zimbabwe","1994","Male","6.7",""
"Zimbabwe","1994","Female","6",""
"Zimbabwe","1994","Both sexes","6.3",""
"Zimbabwe","1988","Male","1.7",""
"Zimbabwe","1988","Female","1.6",""
"Zimbabwe","1988","Both sexes","1.7",""

